Pilers 1,2024-02-23 01:04:54.425231
Pilers 1,2024-02-23 01:13:29.196147
Pilers 1,2024-02-23 01:13:31.408486
Pilers 1,2024-02-23 01:13:32.996008
Pliers 1,2024-02-23 01:13:36.576110
Pliers 1,2024-02-23 01:13:37.595328
Scissors 2,2024-02-23 01:13:40.534670
Scissors 2,2024-02-23 01:13:41.871780
Scissors 2,2024-02-23 01:13:42.653227
Pliers 1,2024-02-23 01:13:44.441081
Pilers 1,2024-02-25 17:49:43.597843
Pliers 1,2024-02-25 17:49:47.878348
Scissors 2,2024-02-25 17:49:50.413684
Pilers 1,2024-02-25 17:49:54.169549
Scissors 2,2024-02-25 17:49:56.085647
Pilers 1,2024-02-25 17:52:34.198075
Scissors 2,2024-02-25 17:52:37.698965
Pilers 1,2024-02-25 17:52:41.958868
Scissors 2,2024-02-25 17:52:43.540890
Pilers 1,2024-02-25 17:52:49.238062
Pliers 1,2024-02-25 17:54:00.114217
Pilers 1,2024-02-25 17:54:02.697953
Scissors 2,2024-02-25 17:54:06.170506
Pilers 1,2024-02-25 17:55:14.144762
Scissors 2,2024-02-25 17:55:18.796367
Pilers 1,2024-02-25 17:55:26.690601
Pilers 1,2024-02-25 18:07:06.926671
Pliers 1,2024-02-25 18:07:08.202463
Pliers 1,2024-02-25 18:07:08.713771
Pilers 1,2024-02-25 18:07:16.245900
Pilers 1,2024-02-25 18:07:17.088716
Pilers 1,2024-02-25 18:07:18.172260
Scissors 2,2024-02-25 18:07:19.368040
Scissors 2,2024-02-25 18:07:19.862848
Pliers 1,2024-02-25 18:07:22.186864
Pliers 1,2024-02-25 18:07:23.219741
Pliers 1,2024-02-25 18:08:05.723406
Scissors 2,2024-02-25 18:08:09.135867
Pliers 1,2024-02-25 18:08:28.505451
Pilers 1,2024-02-25 18:08:30.065714
Scissors 2,2024-02-25 18:08:32.535255
Pilers 1,2024-02-25 18:09:21.001273
Pliers 1,2024-02-25 18:09:24.686506
Scissors 2,2024-02-25 18:09:28.759918
Pilers 1,2024-02-25 18:09:33.567831
Pilers 1,2024-02-25 18:10:22.466005
Scissors 2,2024-02-25 18:10:24.639826
Pilers 1,2024-02-25 18:10:28.396581
Scissors 2,2024-02-25 18:10:32.644193
Pilers 1,2024-02-25 18:10:51.941124
Pliers 1,2024-02-25 18:10:55.184175
Scissors 2,2024-02-25 18:10:57.638098
Scissors 2,2024-02-25 18:11:00.218681
Scissors 2,2024-02-25 18:52:57.614626
Pilers 1,2024-02-25 18:53:00.354581
Scissors 2,2024-02-25 18:53:03.293908
Pilers 1,2024-02-25 18:53:05.978080
Scissors 2,2024-02-25 19:49:21.519136
Pilers 1,2024-02-25 19:49:24.957048
Pliers 1,2024-02-25 19:49:27.534707
Scissors 2,2024-02-25 19:49:30.543783
Scissors 2,2024-02-25 20:01:48.803572
Pilers 1,2024-02-25 20:01:51.943492
Scissors 2,2024-02-25 20:01:55.698965
Pilers 1,2024-02-25 20:01:58.919330
Pilers 1,2024-02-25 20:02:01.818548
Pilers 1,2024-02-25 20:02:05.124064
Scissors 2,2024-02-25 20:02:09.215475
Scissors 2,2024-02-25 20:02:11.148845
Scissors 2,2024-02-25 20:11:49.427009
Pilers 1,2024-02-25 20:11:53.884230
Scissors 2,2024-02-25 20:11:57.807195
Pilers 1,2024-02-25 20:12:13.572764
Scissors 2,2024-02-25 20:12:17.583287
Scissors 2,2024-02-25 20:12:41.414711
Scissors 2,2024-02-25 20:12:43.995315
Pilers 1,2024-02-25 20:12:48.240700
Scissors 2,2024-02-25 20:19:48.023777
Pilers 1,2024-02-25 20:19:51.556670
Scissors 2,2024-02-25 20:21:25.395533
Pilers 1,2024-02-25 20:21:28.781659
Pilers 1,2024-02-25 20:21:30.483500
Pilers 1,2024-02-25 20:21:31.904799
Pilers 1,2024-02-25 20:21:35.895055
Pilers 1,2024-02-25 20:21:37.192264
Scissors 2,2024-02-25 20:22:23.557623
Pilers 1,2024-02-25 20:22:26.925447
Scissors 2,2024-02-25 20:22:29.532204
Pilers 1,2024-02-25 20:22:32.125428
Scissors 2,2024-02-25 20:22:34.682193
Scissors 2,2024-02-25 20:31:43.345289
Scissors 2,2024-02-25 20:31:45.518469
Scissors 2,2024-02-25 20:31:48.588141
Pilers 1,2024-02-25 20:31:58.569682
Pilers 1,2024-02-25 20:32:01.465230
Pilers 1,2024-02-25 20:32:50.573653
Scissors 2,2024-02-25 20:32:53.385460
Pilers 1,2024-02-25 20:32:55.765883
Pilers 1,2024-02-25 20:35:26.271810
Scissors 2,2024-02-25 20:35:29.378434
Pilers 1,2024-02-25 20:35:32.125935
Pilers 1,2024-02-25 20:35:34.159189
Scissors 2,2024-02-25 20:35:37.290159
Scissors 2,2024-02-25 20:35:40.552864
Scissors 2,2024-02-25 20:35:43.416255
Scissors 2,2024-02-25 20:35:46.274689
Scissors 2,2024-02-25 20:35:48.516801
Scissors 2,2024-02-25 20:36:53.963882
Pilers 1,2024-02-25 20:36:58.480377
Pilers 1,2024-02-25 20:37:02.853213
Scissors 2,2024-02-25 20:37:12.731046
Scissors 2,2024-02-25 20:42:25.508127
Pilers 1,2024-02-25 20:42:28.832468
Scissors 2,2024-02-25 20:42:33.372433
Scissors 2,2024-02-25 20:44:38.581564
Pilers 1,2024-02-25 20:44:41.307933
Scissors 2,2024-02-25 20:44:44.201237
Pilers 1,2024-02-25 20:44:49.383370
Pilers 1,2024-02-25 20:44:51.467478
Scissors 2,2024-02-25 20:46:53.360987
Pilers 1,2024-02-25 20:46:57.116282
Scissors 2,2024-02-25 20:47:02.523018
Pilers 1,2024-02-25 20:50:26.014790
Scissors 2,2024-02-25 20:50:31.461444
Scissors 2,2024-02-25 20:50:32.866595
Pilers 1,2024-02-25 20:51:53.515133
Scissors 2,2024-02-25 20:51:56.582428
Scissors 2,2024-02-25 20:52:08.357444
Pilers 1,2024-02-25 20:52:10.811159
Scissors 2,2024-02-25 22:02:03.650548
Scissors 2,2024-02-25 22:02:06.376775
Scissors 2,2024-02-25 22:02:08.548052
Pilers 1,2024-02-25 22:45:05.431800
Scissors 2,2024-02-25 22:45:07.716212
Pilers 1,2024-02-25 22:45:10.443715
Pilers 1,2024-02-25 22:47:04.135320
Scissors 2,2024-02-25 22:47:07.374440
Pilers 1,2024-02-25 22:47:23.688951
Scissors 2,2024-02-25 22:47:26.265454
Pilers 1,2024-02-25 22:47:32.825331
Pilers 1,2024-02-25 22:49:11.411906
Scissors 2,2024-02-25 22:49:14.481508
Pilers 1,2024-02-25 22:49:17.313562
Pilers 1,2024-02-25 22:49:59.081678
Scissors 2,2024-02-25 22:50:01.808554
Pilers 1,2024-02-25 22:50:04.369766
Scissors 2,2024-02-25 22:52:06.895706
Pilers 1,2024-02-25 22:52:10.624214
Pilers 1,2024-02-25 22:52:11.925105
Pilers 1,2024-02-25 22:52:12.578301
Scissors 2,2024-02-25 22:52:47.179047
Pilers 1,2024-02-25 22:52:50.012032
Pilers 1,2024-02-25 22:52:51.827387
Pilers 1,2024-02-25 22:53:18.834761
Scissors 2,2024-02-25 22:53:21.390956
Scissors 2,2024-02-25 23:01:14.819751
Scissors 2,2024-02-25 23:53:01.205497
Pilers 1,2024-02-25 23:53:07.525058
Scissors 2,2024-02-25 23:55:59.324586
Pilers 1,2024-02-26 00:04:34.927055
Scissors 2,2024-02-26 00:05:06.439909
Pilers 1,2024-02-26 00:05:09.016337
Pilers 1,2024-02-26 00:08:03.732291
Pilers 1,2024-02-26 00:09:22.398654
Scissors 2,2024-02-26 00:09:24.784782
Pilers 1,2024-02-26 00:12:35.480180
Scissors 2,2024-02-26 00:12:39.404838
Scissors 2,2024-02-26 00:17:48.174568
Pilers 1,2024-02-26 00:17:50.812117
Scissors 2,2024-02-26 00:17:53.776208
Scissors 2,2024-02-26 00:19:55.259808
Pilers 1,2024-02-26 00:19:58.499965
Scissors 2,2024-02-26 00:20:01.972074
Scissors 2,2024-02-26 00:25:01.737782
Scissors 2,2024-02-26 00:37:21.806291
Pilers 1,2024-02-26 00:37:25.046957
Pilers 1,2024-02-26 00:37:25.691180
Scissors 2,2024-02-26 00:37:43.265517
Pilers 1,2024-02-26 00:53:39.852852
Scissors 2,2024-02-26 00:53:42.434838
Pilers 1,2024-02-26 00:54:50.068714
Scissors 2,2024-02-26 00:54:52.115900
Pilers 1,2024-02-26 00:54:54.496783
Scissors 2,2024-02-26 01:32:14.840073
user.takaoka,2024-02-26 02:06:59.769707
user.takaoka,2024-02-26 02:14:07.119114
user.takaoka,2024-02-26 02:14:48.570451
user.takaoka,2024-02-26 02:14:57.253414
user.takaoka,2024-02-26 02:15:06.644910
user.takaoka,2024-02-26 02:16:11.489578
user.takaoka,2024-02-26 02:16:19.468398
user.nishiyama,2024-02-26 02:29:18.862580
2,2024-02-26 03:00:50.421264
